{"avg_transition_deviation": 1.1067632187256249, "_timestamp": 1686138817.956779, "_runtime": 27.552295923233032, "_step": 6, "preference_deviation": 28.761520551844445, "_wandb": {"runtime": 34}}