{"avg_transition_deviation": 1.0134685071701026, "_timestamp": 1686141157.918659, "_runtime": 2.561353921890259, "_step": 2, "preference_deviation": 8.358555935814318, "_wandb": {"runtime": 1}}