{"cumulative_transition_deviation": 0.37211819942573426, "_timestamp": 1686125753.039469, "_runtime": 451.0315101146698, "_step": 40, "preference_deviation": 3.334036391284151, "_wandb": {"runtime": 493}}