{"avg_transition_deviation": 1.0767457184222613, "_timestamp": 1686139107.5652878, "_runtime": 12.192369937896729, "_step": 4, "preference_deviation": 15.488698617626376, "_wandb": {"runtime": 16}}