{"avg_transition_deviation": 1.023145715532027, "_timestamp": 1686139032.8782651, "_runtime": 2.3565561771392822, "_step": 2, "preference_deviation": 26.58435147571329, "_wandb": {"runtime": 1}}