{"preference_deviation": 5.725092755914578, "_timestamp": 1686124020.809715, "_runtime": 107.22102999687195, "_step": 15, "_wandb": {"runtime": 112}}