{"avg_transition_deviation": 1.0719687785240692, "_timestamp": 1686141375.923237, "_runtime": 33.528746128082275, "_step": 6, "preference_deviation": 30.889186641986285, "_wandb": {"runtime": 50}}