{"avg_transition_deviation": 0.3343770477606259, "_timestamp": 1686126949.9557571, "_runtime": 286.32839012145996, "_step": 20, "preference_deviation": 4.7486129188816815, "_wandb": {"runtime": 293}}