{"preference_deviation": 0.6881114335746901, "_timestamp": 1686125054.531168, "_runtime": 989.3589789867401, "_step": 33, "_wandb": {"runtime": 1042}}