{"avg_transition_deviation": 1.165345072878622, "_timestamp": 1686138997.280919, "_runtime": 3.7970621585845947, "_step": 2, "preference_deviation": 14.794631192796086, "_wandb": {"runtime": 1}}