{"avg_transition_deviation": 0.89158449514536, "_timestamp": 1686140406.5326312, "_runtime": 2.923370122909546, "_step": 2, "preference_deviation": 8.352937653074685, "_wandb": {"runtime": 10}}