{"avg_transition_deviation": 0.9481818413440464, "_timestamp": 1686139132.900606, "_runtime": 2.5368759632110596, "_step": 2, "preference_deviation": 4.6218779695147365, "_wandb": {"runtime": 5}}