{"avg_transition_deviation": 1.0306563386139733, "_timestamp": 1686138753.409208, "_runtime": 2.4511590003967285, "_step": 2, "preference_deviation": 4.471445379767536, "_wandb": {"runtime": 1}}