{"avg_transition_deviation": 0.3682128634392113, "_timestamp": 1686127185.5654678, "_runtime": 29.249377727508545, "_step": 6, "preference_deviation": 14.081073877404464, "_wandb": {"runtime": 29}}