{"avg_transition_deviation": 0.8895592755260773, "_timestamp": 1686141758.0988128, "_runtime": 2.9119298458099365, "_step": 2, "preference_deviation": 29.441431307703336, "_wandb": {"runtime": 7}}