{"cumulative_transition_deviation": 2520.197215427235, "_timestamp": 1686125273.883462, "_runtime": 64.46859502792358, "_step": 12, "preference_deviation": 43.52078310923034, "_wandb": {"runtime": 74}}