{"avg_transition_deviation": 1.0355636960072558, "_timestamp": 1686139468.300506, "_runtime": 2.567362070083618, "_step": 2, "preference_deviation": 30.949085478137327, "_wandb": {"runtime": 1}}