{"avg_transition_deviation": 0.9805811155870443, "_timestamp": 1686140939.8870962, "_runtime": 2.6369142532348633, "_step": 2, "preference_deviation": 1.9774999076727493, "_wandb": {"runtime": 1}}