{"avg_transition_deviation": 0.36699070497509073, "_timestamp": 1686126439.5516999, "_runtime": 639.2238969802856, "_step": 40, "preference_deviation": 5.214745334293076, "_wandb": {"runtime": 645}}