{"avg_transition_deviation": 1.0472910350530835, "_timestamp": 1686140543.4841778, "_runtime": 14.566840887069702, "_step": 4, "preference_deviation": 18.471497724721857, "_wandb": {"runtime": 24}}