{"avg_transition_deviation": 1.09617221427617, "_timestamp": 1686139261.504478, "_runtime": 71.95722198486328, "_step": 10, "preference_deviation": 2.5552600795585434, "_wandb": {"runtime": 96}}