{"avg_transition_deviation": 1.0196354889966897, "_timestamp": 1686140891.648913, "_runtime": 2.600924015045166, "_step": 2, "preference_deviation": 25.543881555765033, "_wandb": {"runtime": 1}}