{"avg_transition_deviation": 1.0407581788133902, "_timestamp": 1686140747.5688162, "_runtime": 26.748656272888184, "_step": 6, "preference_deviation": 0.8008794373067367, "_wandb": {"runtime": 38}}