{"avg_transition_deviation": 0.3035746259334105, "_timestamp": 1686127266.450975, "_runtime": 58.0137300491333, "_step": 10, "preference_deviation": 20.017638507470025, "_wandb": {"runtime": 63}}