{"avg_transition_deviation": 1.0315250317590632, "_timestamp": 1686140837.219753, "_runtime": 3.7220299243927, "_step": 2, "preference_deviation": 55.85215192261122, "_wandb": {"runtime": 1}}