{"avg_transition_deviation": 0.9781905995354039, "_timestamp": 1686140859.230709, "_runtime": 2.6656811237335205, "_step": 2, "preference_deviation": 9.097811707240478, "_wandb": {"runtime": 1}}