{"avg_transition_deviation": 1.0013854673089582, "_timestamp": 1686141144.908184, "_runtime": 2.5867159366607666, "_step": 2, "preference_deviation": 3.3489374267733805, "_wandb": {"runtime": 1}}