{"avg_transition_deviation": 1.015126261987658, "_timestamp": 1686139511.481407, "_runtime": 2.478878974914551, "_step": 2, "preference_deviation": 19.407833180230426, "_wandb": {"runtime": 1}}