{"avg_transition_deviation": 0.9683757485615759, "_timestamp": 1686139542.37271, "_runtime": 2.364288091659546, "_step": 2, "preference_deviation": 2.665009048845967, "_wandb": {"runtime": 1}}