{"avg_transition_deviation": 0.3442062405478784, "_timestamp": 1686128818.479661, "_runtime": 183.1675910949707, "_step": 16, "preference_deviation": 16.186380782460947, "_wandb": {"runtime": 213}}